URL,80
bvrrdpjkvfpaotrjua90.9est1-pareaallet-8ty.wire.community-vpn.48.opposhop.cn,X,
bvrru9rkvfpfc8flf8ag.wire.community-tanya.rmarshall.41.opposhop.cn,X,
bvrruueuc7dfqbrv06eg.wire.community-pre-awww.blogeathers702web1661images.b.opposhop.cn,X,
bvrs05rpg8nsjsvpbj8g.pc54.webproxy.idcrouter11v04.zdv.opposhop.cn,X,
bvrs05rpg8nsjsvpc8hg.pc54.webproxy.idcrouter11v04.zdv.opposhop.cn,X,
bvrtsdbpg8nl1jc6cg9g.r0.rule-k48kasi-ep.eapachecarfax-europe.opposhop.cn,X,
bvrtsdbpg8nl1jc6cg9g.r0.rule-k48kasi-ep.e.opposhop.cn,X,
collect8543-7.wire.community-parkeronline.budget.h21-0b1c610e704d2e734.inst.aws.cn-northwest-1.cnprod.s4devkhs.opposhop.cn,X,
collect.opposhop.cn,X,
hd.opposhop.cn,X,
host27.opposhop.cn,X,
id.opposhop.cn,X,
live.opposhop.cn,X,
live-pull.opposhop.cn,X,
mei.r0.rule.sebins7-eu6.opposhop.cn,X,
msecfs.opposhop.cn,X,
msec.opposhop.cn,X,
openvpn.opposhop.cn,X,
opposhop.cn,X,
pc5.opposhop.cn,X,
prelive.opposhop.cn,X,
premsec.opposhop.cn,X,
prewww.opposhop.cn,X,
qiyezs.webproxy.idcservicenow.tencent.opposhop.cn,X,
s0.opposhop.cn,X,
sa.opposhop.cn,X,
staging.opposhop.cn,X,
tcp.wire.communitysas.opposhop.cn,X,
u002fhd.opposhop.cn,X,
uc2.r0.rule.sebins7-eu6.opposhop.cn,X,
wire.community.int.marketing.client-www.6.opposhop.cn,X,
www.opposhop.cn,X,