Protocol,Port,Domain,Request Status,Screenshot Path, Source Path
http,80,activity.myoppo.com,BadStatus,/home/jai/Documents/automations/programs/myoppo.com/Eyewitness/screens/http.activity.myoppo.com.png,/home/jai/Documents/automations/programs/myoppo.com/Eyewitness/source/http.activity.myoppo.com.txt
http,80,appdownload.myoppo.com,Successful,/home/jai/Documents/automations/programs/myoppo.com/Eyewitness/screens/http.scm-auth.myoppo.com.png,/home/jai/Documents/automations/programs/myoppo.com/Eyewitness/source/http.appdownload.myoppo.com.txt
http,80,appversion-mobile.myoppo.com,BadStatus,/home/jai/Documents/automations/programs/myoppo.com/Eyewitness/screens/http.appversion-mobile.myoppo.com.png,/home/jai/Documents/automations/programs/myoppo.com/Eyewitness/source/http.appversion-mobile.myoppo.com.txt
http,80,app-yezi-mobile.myoppo.com,BadStatus,/home/jai/Documents/automations/programs/myoppo.com/Eyewitness/screens/http.app-yezi-mobile.myoppo.com.png,/home/jai/Documents/automations/programs/myoppo.com/Eyewitness/source/http.app-yezi-mobile.myoppo.com.txt
http,80,article.myoppo.com,Successful,/home/jai/Documents/automations/programs/myoppo.com/Eyewitness/screens/http.scm-auth.myoppo.com.png,/home/jai/Documents/automations/programs/myoppo.com/Eyewitness/source/http.article.myoppo.com.txt
http,80,bbsfs.myoppo.com,BadStatus,/home/jai/Documents/automations/programs/myoppo.com/Eyewitness/screens/http.bbsfs.myoppo.com.png,/home/jai/Documents/automations/programs/myoppo.com/Eyewitness/source/http.bbsfs.myoppo.com.txt
http,80,bbs.myoppo.com,Successful,/home/jai/Documents/automations/programs/myoppo.com/Eyewitness/screens/http.bbs.myoppo.com.png,/home/jai/Documents/automations/programs/myoppo.com/Eyewitness/source/http.bbs.myoppo.com.txt
http,80,blazetest.myoppo.com,BadStatus,/home/jai/Documents/automations/programs/myoppo.com/Eyewitness/screens/http.blazetest.myoppo.com.png,/home/jai/Documents/automations/programs/myoppo.com/Eyewitness/source/http.blazetest.myoppo.com.txt
http,80,brandhub-aem-eu.myoppo.com,BadStatus,/home/jai/Documents/automations/programs/myoppo.com/Eyewitness/screens/http.brandhub-aem-eu.myoppo.com.png,/home/jai/Documents/automations/programs/myoppo.com/Eyewitness/source/http.brandhub-aem-eu.myoppo.com.txt
http,80,brandhub-api.myoppo.com,BadStatus,/home/jai/Documents/automations/programs/myoppo.com/Eyewitness/screens/http.brandhub-api.myoppo.com.png,/home/jai/Documents/automations/programs/myoppo.com/Eyewitness/source/http.brandhub-api.myoppo.com.txt
http,80,brandhub.myoppo.com,BadStatus,/home/jai/Documents/automations/programs/myoppo.com/Eyewitness/screens/http.brandhub.myoppo.com.png,/home/jai/Documents/automations/programs/myoppo.com/Eyewitness/source/http.brandhub.myoppo.com.txt
http,80,brandhub-uat.myoppo.com,BadStatus,/home/jai/Documents/automations/programs/myoppo.com/Eyewitness/screens/http.brandhub-uat.myoppo.com.png,/home/jai/Documents/automations/programs/myoppo.com/Eyewitness/source/http.brandhub-uat.myoppo.com.txt
http,80,bvrusdfgk4m68tbdr340.customer.traffic.apk.scm.myoppo.com,BadStatus,/home/jai/Documents/automations/programs/myoppo.com/Eyewitness/screens/http.bvrusdfgk4m68tbdr340.customer.traffic.apk.scm.myoppo.com.png,/home/jai/Documents/automations/programs/myoppo.com/Eyewitness/source/http.bvrusdfgk4m68tbdr340.customer.traffic.apk.scm.myoppo.com.txt
http,80,bvruurbpg8nudf1t2hog.apk.scm.w3.php.myoppo.com,BadStatus,/home/jai/Documents/automations/programs/myoppo.com/Eyewitness/screens/http.bvruurbpg8nudf1t2hog.apk.scm.w3.php.myoppo.com.png,/home/jai/Documents/automations/programs/myoppo.com/Eyewitness/source/http.bvruurbpg8nudf1t2hog.apk.scm.w3.php.myoppo.com.txt
http,80,bvrv0irpg8nucfc423f0.apk.scm.nov.myoppo.com,BadStatus,/home/jai/Documents/automations/programs/myoppo.com/Eyewitness/screens/http.bvrv0irpg8nucfc423f0.apk.scm.nov.myoppo.com.png,/home/jai/Documents/automations/programs/myoppo.com/Eyewitness/source/http.bvrv0irpg8nucfc423f0.apk.scm.nov.myoppo.com.txt
http,80,bvrv22le0shhjvob4e40.elastic.apk.scm.myoppo.com,BadStatus,/home/jai/Documents/automations/programs/myoppo.com/Eyewitness/screens/http.bvrv22le0shhjvob4e40.elastic.apk.scm.myoppo.com.png,/home/jai/Documents/automations/programs/myoppo.com/Eyewitness/source/http.bvrv22le0shhjvob4e40.elastic.apk.scm.myoppo.com.txt
http,80,bvrv4avagi6frbdbnlv0.apk.scm-admins.cgi.myoppo.com,BadStatus,/home/jai/Documents/automations/programs/myoppo.com/Eyewitness/screens/http.bvrv4avagi6frbdbnlv0.apk.scm-admins.cgi.myoppo.com.png,/home/jai/Documents/automations/programs/myoppo.com/Eyewitness/source/http.bvrv4avagi6frbdbnlv0.apk.scm-admins.cgi.myoppo.com.txt
http,80,bvrv9ubkvfp038uihv3g.apk.scm.lan.myoppo.com,BadStatus,/home/jai/Documents/automations/programs/myoppo.com/Eyewitness/screens/http.bvrv9ubkvfp038uihv3g.apk.scm.lan.myoppo.com.png,/home/jai/Documents/automations/programs/myoppo.com/Eyewitness/source/http.bvrv9ubkvfp038uihv3g.apk.scm.lan.myoppo.com.txt
http,80,bvs3pqmuc7d1i5e0njmg.productionsctl-2dbc3f05.get.apk.scm.myoppo.com,BadStatus,/home/jai/Documents/automations/programs/myoppo.com/Eyewitness/screens/http.bvs3pqmuc7d1i5e0njmg.productionsctl-2dbc3f05.get.apk.scm.myoppo.com.png,/home/jai/Documents/automations/programs/myoppo.com/Eyewitness/source/http.bvs3pqmuc7d1i5e0njmg.productionsctl-2dbc3f05.get.apk.scm.myoppo.com.txt
http,80,bvs3rluuc7d6ou9l9pdg.resource.apk.scm.myoppo.com,BadStatus,/home/jai/Documents/automations/programs/myoppo.com/Eyewitness/screens/http.bvs3rluuc7d6ou9l9pdg.resource.apk.scm.myoppo.com.png,/home/jai/Documents/automations/programs/myoppo.com/Eyewitness/source/http.bvs3rluuc7d6ou9l9pdg.resource.apk.scm.myoppo.com.txt
http,80,bwms.in.myoppo.com,BadStatus,/home/jai/Documents/automations/programs/myoppo.com/Eyewitness/screens/http.bwms.in.myoppo.com.png,/home/jai/Documents/automations/programs/myoppo.com/Eyewitness/source/http.bwms.in.myoppo.com.txt
http,80,cdimg.ssl.apk.scm.myoppo.com,BadStatus,/home/jai/Documents/automations/programs/myoppo.com/Eyewitness/screens/http.cdimg.ssl.apk.scm.myoppo.com.png,/home/jai/Documents/automations/programs/myoppo.com/Eyewitness/source/http.cdimg.ssl.apk.scm.myoppo.com.txt
http,80,cloudstore.myoppo.com,BadStatus,/home/jai/Documents/automations/programs/myoppo.com/Eyewitness/screens/http.cloudstore.myoppo.com.png,/home/jai/Documents/automations/programs/myoppo.com/Eyewitness/source/http.cloudstore.myoppo.com.txt
http,80,color.myoppo.com,BadStatus,/home/jai/Documents/automations/programs/myoppo.com/Eyewitness/screens/http.color.myoppo.com.png,/home/jai/Documents/automations/programs/myoppo.com/Eyewitness/source/http.color.myoppo.com.txt
http,80,dm5.global.2012.apk.scm.myoppo.com,BadStatus,/home/jai/Documents/automations/programs/myoppo.com/Eyewitness/screens/http.dm5.global.2012.apk.scm.myoppo.com.png,/home/jai/Documents/automations/programs/myoppo.com/Eyewitness/source/http.dm5.global.2012.apk.scm.myoppo.com.txt
http,80,drp.myoppo.com,Timeout,/home/jai/Documents/automations/programs/myoppo.com/Eyewitness/screens/http.drp.myoppo.com.png,/home/jai/Documents/automations/programs/myoppo.com/Eyewitness/source/http.drp.myoppo.com.txt
http,80,dzbkindex.myoppo.com,Successful,/home/jai/Documents/automations/programs/myoppo.com/Eyewitness/screens/http.dzbkjh1.myoppo.com.png,/home/jai/Documents/automations/programs/myoppo.com/Eyewitness/source/http.dzbkindex.myoppo.com.txt
http,80,dzbkjh1.myoppo.com,Successful,/home/jai/Documents/automations/programs/myoppo.com/Eyewitness/screens/http.dzbkjh1.myoppo.com.png,/home/jai/Documents/automations/programs/myoppo.com/Eyewitness/source/http.dzbkjh1.myoppo.com.txt
http,80,dzbkjh2.myoppo.com,Successful,/home/jai/Documents/automations/programs/myoppo.com/Eyewitness/screens/http.dzbkjh1.myoppo.com.png,/home/jai/Documents/automations/programs/myoppo.com/Eyewitness/source/http.dzbkjh2.myoppo.com.txt
http,80,eds.myoppo.com,Timeout,/home/jai/Documents/automations/programs/myoppo.com/Eyewitness/screens/http.eds.myoppo.com.png,/home/jai/Documents/automations/programs/myoppo.com/Eyewitness/source/http.eds.myoppo.com.txt
http,80,esa.myoppo.com,Timeout,/home/jai/Documents/automations/programs/myoppo.com/Eyewitness/screens/http.esa.myoppo.com.png,/home/jai/Documents/automations/programs/myoppo.com/Eyewitness/source/http.esa.myoppo.com.txt
http,80,esa-reg-eup.myoppo.com,Successful,/home/jai/Documents/automations/programs/myoppo.com/Eyewitness/screens/http.dzbkjh1.myoppo.com.png,/home/jai/Documents/automations/programs/myoppo.com/Eyewitness/source/http.esa-reg-eup.myoppo.com.txt
http,80,esa-reg-in.myoppo.com,Successful,/home/jai/Documents/automations/programs/myoppo.com/Eyewitness/screens/http.dzbkjh1.myoppo.com.png,/home/jai/Documents/automations/programs/myoppo.com/Eyewitness/source/http.esa-reg-in.myoppo.com.txt
http,80,esa-reg.myoppo.com,Successful,/home/jai/Documents/automations/programs/myoppo.com/Eyewitness/screens/http.dzbkjh1.myoppo.com.png,/home/jai/Documents/automations/programs/myoppo.com/Eyewitness/source/http.esa-reg.myoppo.com.txt
http,80,esa-reg-sg.myoppo.com,Successful,/home/jai/Documents/automations/programs/myoppo.com/Eyewitness/screens/http.dzbkjh1.myoppo.com.png,/home/jai/Documents/automations/programs/myoppo.com/Eyewitness/source/http.esa-reg-sg.myoppo.com.txt
http,80,falcon.myoppo.com,Successful,/home/jai/Documents/automations/programs/myoppo.com/Eyewitness/screens/http.scm-auth.myoppo.com.png,/home/jai/Documents/automations/programs/myoppo.com/Eyewitness/source/http.falcon.myoppo.com.txt
http,80,fpb5.assets.apk.scm.myoppo.com,BadStatus,/home/jai/Documents/automations/programs/myoppo.com/Eyewitness/screens/http.fpb5.assets.apk.scm.myoppo.com.png,/home/jai/Documents/automations/programs/myoppo.com/Eyewitness/source/http.fpb5.assets.apk.scm.myoppo.com.txt
http,80,ggb.resource.apk.scm.myoppo.com,BadStatus,/home/jai/Documents/automations/programs/myoppo.com/Eyewitness/screens/http.ggb.resource.apk.scm.myoppo.com.png,/home/jai/Documents/automations/programs/myoppo.com/Eyewitness/source/http.ggb.resource.apk.scm.myoppo.com.txt
http,80,gkm-cdn.myoppo.com,Successful,/home/jai/Documents/automations/programs/myoppo.com/Eyewitness/screens/http.gkm-cdn.myoppo.com.png,/home/jai/Documents/automations/programs/myoppo.com/Eyewitness/source/http.gkm-cdn.myoppo.com.txt
http,80,hd.myoppo.com,BadStatus,/home/jai/Documents/automations/programs/myoppo.com/Eyewitness/screens/http.hd.myoppo.com.png,/home/jai/Documents/automations/programs/myoppo.com/Eyewitness/source/http.hd.myoppo.com.txt
http,80,hospitalng.resource.apk.scm.myoppo.com,BadStatus,/home/jai/Documents/automations/programs/myoppo.com/Eyewitness/screens/http.hospitalng.resource.apk.scm.myoppo.com.png,/home/jai/Documents/automations/programs/myoppo.com/Eyewitness/source/http.hospitalng.resource.apk.scm.myoppo.com.txt
http,80,hq1398.apk.scm.cdn.myoppo.com,BadStatus,/home/jai/Documents/automations/programs/myoppo.com/Eyewitness/screens/http.hq1398.apk.scm.cdn.myoppo.com.png,/home/jai/Documents/automations/programs/myoppo.com/Eyewitness/source/http.hq1398.apk.scm.cdn.myoppo.com.txt
http,80,hr-mobile.myoppo.com,Successful,/home/jai/Documents/automations/programs/myoppo.com/Eyewitness/screens/http.scm-auth.myoppo.com.png,/home/jai/Documents/automations/programs/myoppo.com/Eyewitness/source/http.hr-mobile.myoppo.com.txt
http,80,hr.myoppo.com,Successful,/home/jai/Documents/automations/programs/myoppo.com/Eyewitness/screens/http.scm-auth.myoppo.com.png,/home/jai/Documents/automations/programs/myoppo.com/Eyewitness/source/http.hr.myoppo.com.txt
http,80,hx.myoppo.com,Timeout,/home/jai/Documents/automations/programs/myoppo.com/Eyewitness/screens/http.hx.myoppo.com.png,/home/jai/Documents/automations/programs/myoppo.com/Eyewitness/source/http.hx.myoppo.com.txt
http,80,image.myoppo.com,Successful,/home/jai/Documents/automations/programs/myoppo.com/Eyewitness/screens/http.scm-auth.myoppo.com.png,/home/jai/Documents/automations/programs/myoppo.com/Eyewitness/source/http.image.myoppo.com.txt
http,80,innereye.myoppo.com,Timeout,/home/jai/Documents/automations/programs/myoppo.com/Eyewitness/screens/http.innereye.myoppo.com.png,/home/jai/Documents/automations/programs/myoppo.com/Eyewitness/source/http.innereye.myoppo.com.txt
http,80,isrm.myoppo.com,Timeout,/home/jai/Documents/automations/programs/myoppo.com/Eyewitness/screens/http.isrm.myoppo.com.png,/home/jai/Documents/automations/programs/myoppo.com/Eyewitness/source/http.isrm.myoppo.com.txt
http,80,jss.assets.apk.scm.myoppo.com,BadStatus,/home/jai/Documents/automations/programs/myoppo.com/Eyewitness/screens/http.jss.assets.apk.scm.myoppo.com.png,/home/jai/Documents/automations/programs/myoppo.com/Eyewitness/source/http.jss.assets.apk.scm.myoppo.com.txt
http,80,kbase.myoppo.com,BadStatus,/home/jai/Documents/automations/programs/myoppo.com/Eyewitness/screens/http.kbase.myoppo.com.png,/home/jai/Documents/automations/programs/myoppo.com/Eyewitness/source/http.kbase.myoppo.com.txt
http,80,kd.administrators.apk.scm.myoppo.com,BadStatus,/home/jai/Documents/automations/programs/myoppo.com/Eyewitness/screens/http.kd.administrators.apk.scm.myoppo.com.png,/home/jai/Documents/automations/programs/myoppo.com/Eyewitness/source/http.kd.administrators.apk.scm.myoppo.com.txt
http,80,lb-wap.myoppo.com,Successful,/home/jai/Documents/automations/programs/myoppo.com/Eyewitness/screens/http.scm-auth.myoppo.com.png,/home/jai/Documents/automations/programs/myoppo.com/Eyewitness/source/http.lb-wap.myoppo.com.txt
http,80,mail.myoppo.com,BadStatus,/home/jai/Documents/automations/programs/myoppo.com/Eyewitness/screens/http.mail.myoppo.com.png,/home/jai/Documents/automations/programs/myoppo.com/Eyewitness/source/http.mail.myoppo.com.txt
http,80,mdms.myoppo.com,Successful,/home/jai/Documents/automations/programs/myoppo.com/Eyewitness/screens/http.scm-auth.myoppo.com.png,/home/jai/Documents/automations/programs/myoppo.com/Eyewitness/source/http.mdms.myoppo.com.txt
http,80,mms.myoppo.com,BadStatus,/home/jai/Documents/automations/programs/myoppo.com/Eyewitness/screens/http.mms.myoppo.com.png,/home/jai/Documents/automations/programs/myoppo.com/Eyewitness/source/http.mms.myoppo.com.txt
http,80,m.myoppo.com,Timeout,/home/jai/Documents/automations/programs/myoppo.com/Eyewitness/screens/http.m.myoppo.com.png,/home/jai/Documents/automations/programs/myoppo.com/Eyewitness/source/http.m.myoppo.com.txt
http,80,myoppo.com,Successful,/home/jai/Documents/automations/programs/myoppo.com/Eyewitness/screens/http.dzbkjh1.myoppo.com.png,/home/jai/Documents/automations/programs/myoppo.com/Eyewitness/source/http.myoppo.com.txt
http,80,newds01.myoppo.com,Successful,/home/jai/Documents/automations/programs/myoppo.com/Eyewitness/screens/http.newds02.myoppo.com.png,/home/jai/Documents/automations/programs/myoppo.com/Eyewitness/source/http.newds01.myoppo.com.txt
http,80,newds02.myoppo.com,Successful,/home/jai/Documents/automations/programs/myoppo.com/Eyewitness/screens/http.newds02.myoppo.com.png,/home/jai/Documents/automations/programs/myoppo.com/Eyewitness/source/http.newds02.myoppo.com.txt
http,80,newtq.myoppo.com,BadStatus,/home/jai/Documents/automations/programs/myoppo.com/Eyewitness/screens/http.newtq.myoppo.com.png,/home/jai/Documents/automations/programs/myoppo.com/Eyewitness/source/http.newtq.myoppo.com.txt
http,80,newweather.myoppo.com,Successful,/home/jai/Documents/automations/programs/myoppo.com/Eyewitness/screens/http.newweather.myoppo.com.png,/home/jai/Documents/automations/programs/myoppo.com/Eyewitness/source/http.newweather.myoppo.com.txt
http,80,oim.myoppo.com,BadStatus,/home/jai/Documents/automations/programs/myoppo.com/Eyewitness/screens/http.oim.myoppo.com.png,/home/jai/Documents/automations/programs/myoppo.com/Eyewitness/source/http.oim.myoppo.com.txt
http,80,olearning-me.myoppo.com,Timeout,/home/jai/Documents/automations/programs/myoppo.com/Eyewitness/screens/http.olearning-me.myoppo.com.png,/home/jai/Documents/automations/programs/myoppo.com/Eyewitness/source/http.olearning-me.myoppo.com.txt
http,80,olearning.myoppo.com,Timeout,/home/jai/Documents/automations/programs/myoppo.com/Eyewitness/screens/http.olearning.myoppo.com.png,/home/jai/Documents/automations/programs/myoppo.com/Eyewitness/source/http.olearning.myoppo.com.txt
http,80,olearning-sgp.myoppo.com,Successful,/home/jai/Documents/automations/programs/myoppo.com/Eyewitness/screens/http.olearning-sgp.myoppo.com.png,/home/jai/Documents/automations/programs/myoppo.com/Eyewitness/source/http.olearning-sgp.myoppo.com.txt
http,80,olearning-sgp-replay.myoppo.com,Successful,/home/jai/Documents/automations/programs/myoppo.com/Eyewitness/screens/http.olearning-sgp-replay.myoppo.com.png,/home/jai/Documents/automations/programs/myoppo.com/Eyewitness/source/http.olearning-sgp-replay.myoppo.com.txt
http,80,oln-ind.myoppo.com,Timeout,/home/jai/Documents/automations/programs/myoppo.com/Eyewitness/screens/http.oln-ind.myoppo.com.png,/home/jai/Documents/automations/programs/myoppo.com/Eyewitness/source/http.oln-ind.myoppo.com.txt
http,80,operator.myoppo.com,Successful,/home/jai/Documents/automations/programs/myoppo.com/Eyewitness/screens/http.scm-auth.myoppo.com.png,/home/jai/Documents/automations/programs/myoppo.com/Eyewitness/source/http.operator.myoppo.com.txt
http,80,ormbi.myoppo.com,BadStatus,/home/jai/Documents/automations/programs/myoppo.com/Eyewitness/screens/http.ormbi.myoppo.com.png,/home/jai/Documents/automations/programs/myoppo.com/Eyewitness/source/http.ormbi.myoppo.com.txt
http,80,o-share-aem.myoppo.com,BadStatus,/home/jai/Documents/automations/programs/myoppo.com/Eyewitness/screens/http.o-share-aem.myoppo.com.png,/home/jai/Documents/automations/programs/myoppo.com/Eyewitness/source/http.o-share-aem.myoppo.com.txt
http,80,o-share.myoppo.com,BadStatus,/home/jai/Documents/automations/programs/myoppo.com/Eyewitness/screens/http.o-share.myoppo.com.png,/home/jai/Documents/automations/programs/myoppo.com/Eyewitness/source/http.o-share.myoppo.com.txt
http,80,os-rmstest.myoppo.com,BadStatus,/home/jai/Documents/automations/programs/myoppo.com/Eyewitness/screens/http.os-rmstest.myoppo.com.png,/home/jai/Documents/automations/programs/myoppo.com/Eyewitness/source/http.os-rmstest.myoppo.com.txt
http,80,pay.myoppo.com,BadStatus,/home/jai/Documents/automations/programs/myoppo.com/Eyewitness/screens/http.pay.myoppo.com.png,/home/jai/Documents/automations/programs/myoppo.com/Eyewitness/source/http.pay.myoppo.com.txt
http,80,platform-vernemq-prod.myoppo.com,Successful,/home/jai/Documents/automations/programs/myoppo.com/Eyewitness/screens/http.dzbkjh1.myoppo.com.png,/home/jai/Documents/automations/programs/myoppo.com/Eyewitness/source/http.platform-vernemq-prod.myoppo.com.txt
http,80,popin.myoppo.com,Timeout,/home/jai/Documents/automations/programs/myoppo.com/Eyewitness/screens/http.popin.myoppo.com.png,/home/jai/Documents/automations/programs/myoppo.com/Eyewitness/source/http.popin.myoppo.com.txt
http,80,pop.myoppo.com,BadStatus,/home/jai/Documents/automations/programs/myoppo.com/Eyewitness/screens/http.pop.myoppo.com.png,/home/jai/Documents/automations/programs/myoppo.com/Eyewitness/source/http.pop.myoppo.com.txt
http,80,product.myoppo.com,Successful,/home/jai/Documents/automations/programs/myoppo.com/Eyewitness/screens/http.scm-auth.myoppo.com.png,/home/jai/Documents/automations/programs/myoppo.com/Eyewitness/source/http.product.myoppo.com.txt
http,80,qam.myoppo.com,BadStatus,/home/jai/Documents/automations/programs/myoppo.com/Eyewitness/screens/http.qam.myoppo.com.png,/home/jai/Documents/automations/programs/myoppo.com/Eyewitness/source/http.qam.myoppo.com.txt
http,80,report-mobile.myoppo.com,Successful,/home/jai/Documents/automations/programs/myoppo.com/Eyewitness/screens/http.scm-auth.myoppo.com.png,/home/jai/Documents/automations/programs/myoppo.com/Eyewitness/source/http.report-mobile.myoppo.com.txt
http,80,report.myoppo.com,Successful,/home/jai/Documents/automations/programs/myoppo.com/Eyewitness/screens/http.scm-auth.myoppo.com.png,/home/jai/Documents/automations/programs/myoppo.com/Eyewitness/source/http.report.myoppo.com.txt
http,80,resource.myoppo.com,Successful,/home/jai/Documents/automations/programs/myoppo.com/Eyewitness/screens/http.scm-auth.myoppo.com.png,/home/jai/Documents/automations/programs/myoppo.com/Eyewitness/source/http.resource.myoppo.com.txt
http,80,rili.a.apk.scm.myoppo.com,BadStatus,/home/jai/Documents/automations/programs/myoppo.com/Eyewitness/screens/http.rili.a.apk.scm.myoppo.com.png,/home/jai/Documents/automations/programs/myoppo.com/Eyewitness/source/http.rili.a.apk.scm.myoppo.com.txt
http,80,rmsdev.myoppo.com,BadStatus,/home/jai/Documents/automations/programs/myoppo.com/Eyewitness/screens/http.rmsdev.myoppo.com.png,/home/jai/Documents/automations/programs/myoppo.com/Eyewitness/source/http.rmsdev.myoppo.com.txt
http,80,rmspre.myoppo.com,BadStatus,/home/jai/Documents/automations/programs/myoppo.com/Eyewitness/screens/http.rmspre.myoppo.com.png,/home/jai/Documents/automations/programs/myoppo.com/Eyewitness/source/http.rmspre.myoppo.com.txt
http,80,rmstest.myoppo.com,BadStatus,/home/jai/Documents/automations/programs/myoppo.com/Eyewitness/screens/http.rmstest.myoppo.com.png,/home/jai/Documents/automations/programs/myoppo.com/Eyewitness/source/http.rmstest.myoppo.com.txt
http,80,rtc1.myoppo.com,Timeout,/home/jai/Documents/automations/programs/myoppo.com/Eyewitness/screens/http.rtc1.myoppo.com.png,/home/jai/Documents/automations/programs/myoppo.com/Eyewitness/source/http.rtc1.myoppo.com.txt
http,80,rtc2.myoppo.com,Timeout,/home/jai/Documents/automations/programs/myoppo.com/Eyewitness/screens/http.rtc2.myoppo.com.png,/home/jai/Documents/automations/programs/myoppo.com/Eyewitness/source/http.rtc2.myoppo.com.txt
http,80,rtc-realme.myoppo.com,Timeout,/home/jai/Documents/automations/programs/myoppo.com/Eyewitness/screens/http.rtc-realme.myoppo.com.png,/home/jai/Documents/automations/programs/myoppo.com/Eyewitness/source/http.rtc-realme.myoppo.com.txt
http,80,salary.myoppo.com,Successful,/home/jai/Documents/automations/programs/myoppo.com/Eyewitness/screens/http.scm-auth.myoppo.com.png,/home/jai/Documents/automations/programs/myoppo.com/Eyewitness/source/http.salary.myoppo.com.txt
http,80,sale.myoppo.com,Successful,/home/jai/Documents/automations/programs/myoppo.com/Eyewitness/screens/http.scm-auth.myoppo.com.png,/home/jai/Documents/automations/programs/myoppo.com/Eyewitness/source/http.sale.myoppo.com.txt
http,80,scm-auth.myoppo.com,Successful,/home/jai/Documents/automations/programs/myoppo.com/Eyewitness/screens/http.scm-auth.myoppo.com.png,/home/jai/Documents/automations/programs/myoppo.com/Eyewitness/source/http.scm-auth.myoppo.com.txt
http,80,scm.myoppo.com,Timeout,/home/jai/Documents/automations/programs/myoppo.com/Eyewitness/screens/http.scm.myoppo.com.png,/home/jai/Documents/automations/programs/myoppo.com/Eyewitness/source/http.scm.myoppo.com.txt
http,80,scrm.myoppo.com,Timeout,/home/jai/Documents/automations/programs/myoppo.com/Eyewitness/screens/http.scrm.myoppo.com.png,/home/jai/Documents/automations/programs/myoppo.com/Eyewitness/source/http.scrm.myoppo.com.txt
http,80,sentry.myoppo.com,Successful,/home/jai/Documents/automations/programs/myoppo.com/Eyewitness/screens/http.scm-auth.myoppo.com.png,/home/jai/Documents/automations/programs/myoppo.com/Eyewitness/source/http.sentry.myoppo.com.txt
http,80,service-eu.myoppo.com,Timeout,/home/jai/Documents/automations/programs/myoppo.com/Eyewitness/screens/http.service-eu.myoppo.com.png,/home/jai/Documents/automations/programs/myoppo.com/Eyewitness/source/http.service-eu.myoppo.com.txt
http,80,service-in.myoppo.com,Successful,/home/jai/Documents/automations/programs/myoppo.com/Eyewitness/screens/http.service-in.myoppo.com.png,/home/jai/Documents/automations/programs/myoppo.com/Eyewitness/source/http.service-in.myoppo.com.txt
http,80,service.myoppo.com,Successful,/home/jai/Documents/automations/programs/myoppo.com/Eyewitness/screens/http.service.myoppo.com.png,/home/jai/Documents/automations/programs/myoppo.com/Eyewitness/source/http.service.myoppo.com.txt
http,80,service-sg-cdn.myoppo.com,Successful,/home/jai/Documents/automations/programs/myoppo.com/Eyewitness/screens/http.service-sg-cdn.myoppo.com.png,/home/jai/Documents/automations/programs/myoppo.com/Eyewitness/source/http.service-sg-cdn.myoppo.com.txt
http,80,service-sg.myoppo.com,Timeout,/home/jai/Documents/automations/programs/myoppo.com/Eyewitness/screens/http.service-sg.myoppo.com.png,/home/jai/Documents/automations/programs/myoppo.com/Eyewitness/source/http.service-sg.myoppo.com.txt
http,80,service-show.myoppo.com,BadStatus,/home/jai/Documents/automations/programs/myoppo.com/Eyewitness/screens/http.service-show.myoppo.com.png,/home/jai/Documents/automations/programs/myoppo.com/Eyewitness/source/http.service-show.myoppo.com.txt
http,80,servicetest-eu.myoppo.com,Timeout,/home/jai/Documents/automations/programs/myoppo.com/Eyewitness/screens/http.servicetest-eu.myoppo.com.png,/home/jai/Documents/automations/programs/myoppo.com/Eyewitness/source/http.servicetest-eu.myoppo.com.txt
http,80,service-test.myoppo.com,BadStatus,/home/jai/Documents/automations/programs/myoppo.com/Eyewitness/screens/http.service-test.myoppo.com.png,/home/jai/Documents/automations/programs/myoppo.com/Eyewitness/source/http.service-test.myoppo.com.txt
http,80,servicetest-sg-cdn.myoppo.com,Successful,/home/jai/Documents/automations/programs/myoppo.com/Eyewitness/screens/http.servicetest-sg-cdn.myoppo.com.png,/home/jai/Documents/automations/programs/myoppo.com/Eyewitness/source/http.servicetest-sg-cdn.myoppo.com.txt
http,80,servicetest-sg.myoppo.com,Timeout,/home/jai/Documents/automations/programs/myoppo.com/Eyewitness/screens/http.servicetest-sg.myoppo.com.png,/home/jai/Documents/automations/programs/myoppo.com/Eyewitness/source/http.servicetest-sg.myoppo.com.txt
http,80,servicetest-vn.myoppo.com,BadStatus,/home/jai/Documents/automations/programs/myoppo.com/Eyewitness/screens/http.servicetest-vn.myoppo.com.png,/home/jai/Documents/automations/programs/myoppo.com/Eyewitness/source/http.servicetest-vn.myoppo.com.txt
http,80,shopfs.myoppo.com,Successful,/home/jai/Documents/automations/programs/myoppo.com/Eyewitness/screens/http.shopfs.myoppo.com.png,/home/jai/Documents/automations/programs/myoppo.com/Eyewitness/source/http.shopfs.myoppo.com.txt
http,80,smis-mobile.myoppo.com,Successful,/home/jai/Documents/automations/programs/myoppo.com/Eyewitness/screens/http.scm-auth.myoppo.com.png,/home/jai/Documents/automations/programs/myoppo.com/Eyewitness/source/http.smis-mobile.myoppo.com.txt
http,80,smis.myoppo.com,Timeout,/home/jai/Documents/automations/programs/myoppo.com/Eyewitness/screens/http.smis.myoppo.com.png,/home/jai/Documents/automations/programs/myoppo.com/Eyewitness/source/http.smis.myoppo.com.txt
http,80,so.bbs.myoppo.com,BadStatus,/home/jai/Documents/automations/programs/myoppo.com/Eyewitness/screens/http.so.bbs.myoppo.com.png,/home/jai/Documents/automations/programs/myoppo.com/Eyewitness/source/http.so.bbs.myoppo.com.txt
http,80,spm.myoppo.com,Timeout,/home/jai/Documents/automations/programs/myoppo.com/Eyewitness/screens/http.spm.myoppo.com.png,/home/jai/Documents/automations/programs/myoppo.com/Eyewitness/source/http.spm.myoppo.com.txt
http,80,sso.myoppo.com,Successful,/home/jai/Documents/automations/programs/myoppo.com/Eyewitness/screens/http.scm-auth.myoppo.com.png,/home/jai/Documents/automations/programs/myoppo.com/Eyewitness/source/http.sso.myoppo.com.txt
http,80,sync.myoppo.com,Successful,/home/jai/Documents/automations/programs/myoppo.com/Eyewitness/screens/http.scm-auth.myoppo.com.png,/home/jai/Documents/automations/programs/myoppo.com/Eyewitness/source/http.sync.myoppo.com.txt
http,80,tax-mobile.myoppo.com,Successful,/home/jai/Documents/automations/programs/myoppo.com/Eyewitness/screens/http.scm-auth.myoppo.com.png,/home/jai/Documents/automations/programs/myoppo.com/Eyewitness/source/http.tax-mobile.myoppo.com.txt
http,80,tax.myoppo.com,Successful,/home/jai/Documents/automations/programs/myoppo.com/Eyewitness/screens/http.scm-auth.myoppo.com.png,/home/jai/Documents/automations/programs/myoppo.com/Eyewitness/source/http.tax.myoppo.com.txt
http,80,test-a.myoppo.com,BadStatus,/home/jai/Documents/automations/programs/myoppo.com/Eyewitness/screens/http.test-a.myoppo.com.png,/home/jai/Documents/automations/programs/myoppo.com/Eyewitness/source/http.test-a.myoppo.com.txt
http,80,test.myoppo.com,BadStatus,/home/jai/Documents/automations/programs/myoppo.com/Eyewitness/screens/http.test.myoppo.com.png,/home/jai/Documents/automations/programs/myoppo.com/Eyewitness/source/http.test.myoppo.com.txt
http,80,tfms.myoppo.com,Successful,/home/jai/Documents/automations/programs/myoppo.com/Eyewitness/screens/http.scm-auth.myoppo.com.png,/home/jai/Documents/automations/programs/myoppo.com/Eyewitness/source/http.tfms.myoppo.com.txt
http,80,tm.myoppo.com,Timeout,/home/jai/Documents/automations/programs/myoppo.com/Eyewitness/screens/http.tm.myoppo.com.png,/home/jai/Documents/automations/programs/myoppo.com/Eyewitness/source/http.tm.myoppo.com.txt
http,80,tonight.apk.scm.jinx-2dbc3f05-management.api.myoppo.com,BadStatus,/home/jai/Documents/automations/programs/myoppo.com/Eyewitness/screens/http.tonight.apk.scm.jinx-2dbc3f05-management.api.myoppo.com.png,/home/jai/Documents/automations/programs/myoppo.com/Eyewitness/source/http.tonight.apk.scm.jinx-2dbc3f05-management.api.myoppo.com.txt
http,80,tools.myoppo.com,Successful,/home/jai/Documents/automations/programs/myoppo.com/Eyewitness/screens/http.scm-auth.myoppo.com.png,/home/jai/Documents/automations/programs/myoppo.com/Eyewitness/source/http.tools.myoppo.com.txt
http,80,upgradeinfo-mobile.myoppo.com,Successful,/home/jai/Documents/automations/programs/myoppo.com/Eyewitness/screens/http.scm-auth.myoppo.com.png,/home/jai/Documents/automations/programs/myoppo.com/Eyewitness/source/http.upgradeinfo-mobile.myoppo.com.txt
http,80,vas.myoppo.com,Timeout,/home/jai/Documents/automations/programs/myoppo.com/Eyewitness/screens/http.vas.myoppo.com.png,/home/jai/Documents/automations/programs/myoppo.com/Eyewitness/source/http.vas.myoppo.com.txt
http,80,weather.myoppo.com,Successful,/home/jai/Documents/automations/programs/myoppo.com/Eyewitness/screens/http.weather.myoppo.com.png,/home/jai/Documents/automations/programs/myoppo.com/Eyewitness/source/http.weather.myoppo.com.txt
http,80,weather-origin-f04a40.myoppo.com,BadStatus,/home/jai/Documents/automations/programs/myoppo.com/Eyewitness/screens/http.weather-origin-f04a40.myoppo.com.png,/home/jai/Documents/automations/programs/myoppo.com/Eyewitness/source/http.weather-origin-f04a40.myoppo.com.txt
http,80,wms.myoppo.com,BadStatus,/home/jai/Documents/automations/programs/myoppo.com/Eyewitness/screens/http.wms.myoppo.com.png,/home/jai/Documents/automations/programs/myoppo.com/Eyewitness/source/http.wms.myoppo.com.txt
http,80,workflow-idm.myoppo.com,BadStatus,/home/jai/Documents/automations/programs/myoppo.com/Eyewitness/screens/http.workflow-idm.myoppo.com.png,/home/jai/Documents/automations/programs/myoppo.com/Eyewitness/source/http.workflow-idm.myoppo.com.txt
http,80,www.myoppo.com,Successful,/home/jai/Documents/automations/programs/myoppo.com/Eyewitness/screens/http.dzbkjh1.myoppo.com.png,/home/jai/Documents/automations/programs/myoppo.com/Eyewitness/source/http.www.myoppo.com.txt
http,80,wx.myoppo.com,Successful,/home/jai/Documents/automations/programs/myoppo.com/Eyewitness/screens/http.wx.myoppo.com.png,/home/jai/Documents/automations/programs/myoppo.com/Eyewitness/source/http.wx.myoppo.com.txt
http,80,wxtest.myoppo.com,BadStatus,/home/jai/Documents/automations/programs/myoppo.com/Eyewitness/screens/http.wxtest.myoppo.com.png,/home/jai/Documents/automations/programs/myoppo.com/Eyewitness/source/http.wxtest.myoppo.com.txt
http,80,x9031.myoppo.com,BadStatus,/home/jai/Documents/automations/programs/myoppo.com/Eyewitness/screens/http.x9031.myoppo.com.png,/home/jai/Documents/automations/programs/myoppo.com/Eyewitness/source/http.x9031.myoppo.com.txt
http,80,yezi-mobile.myoppo.com,Successful,/home/jai/Documents/automations/programs/myoppo.com/Eyewitness/screens/http.scm-auth.myoppo.com.png,/home/jai/Documents/automations/programs/myoppo.com/Eyewitness/source/http.yezi-mobile.myoppo.com.txt
http,80,yezi.myoppo.com,Successful,/home/jai/Documents/automations/programs/myoppo.com/Eyewitness/screens/http.scm-auth.myoppo.com.png,/home/jai/Documents/automations/programs/myoppo.com/Eyewitness/source/http.yezi.myoppo.com.txt
http,80,zg2.stats.apk.scm.myoppo.com,BadStatus,/home/jai/Documents/automations/programs/myoppo.com/Eyewitness/screens/http.zg2.stats.apk.scm.myoppo.com.png,/home/jai/Documents/automations/programs/myoppo.com/Eyewitness/source/http.zg2.stats.apk.scm.myoppo.com.txt
http,80,zh13923723458.apk.scm.18.myoppo.com,BadStatus,/home/jai/Documents/automations/programs/myoppo.com/Eyewitness/screens/http.zh13923723458.apk.scm.18.myoppo.com.png,/home/jai/Documents/automations/programs/myoppo.com/Eyewitness/source/http.zh13923723458.apk.scm.18.myoppo.com.txt